image,mode,dice,source
B006_Week0_LFOV,binary,0.782401,C:\Users\nhwen\Desktop\PatternAnalysis-2025\Project7_3DUNet\pred3d_vis_bin_thr02\B006_Week0.nii\metrics.csv
B006_Week0_LFOV.nii.gz,binary,0.782401,C:\Users\nhwen\Desktop\PatternAnalysis-2025\Project7_3DUNet\pred3d_vis_bin_thr02\B006_Week0.nii\B006_Week0_LFOV_meta.json
B006_Week1_LFOV,binary,0.712127,C:\Users\nhwen\Desktop\PatternAnalysis-2025\Project7_3DUNet\pred3d_vis_bin_thr02\B006_Week1.nii\metrics.csv
B006_Week1_LFOV.nii.gz,binary,0.712127,C:\Users\nhwen\Desktop\PatternAnalysis-2025\Project7_3DUNet\pred3d_vis_bin_thr02\B006_Week1.nii\B006_Week1_LFOV_meta.json
B037_Week0_LFOV,binary,0.376471,C:\Users\nhwen\Desktop\PatternAnalysis-2025\Project7_3DUNet\pred3d_vis_bin_thr02\B037_Week0.nii\metrics.csv
B037_Week0_LFOV.nii.gz,binary,0.376471,C:\Users\nhwen\Desktop\PatternAnalysis-2025\Project7_3DUNet\pred3d_vis_bin_thr02\B037_Week0.nii\B037_Week0_LFOV_meta.json
B038_Week0_LFOV,binary,0.000000,C:\Users\nhwen\Desktop\PatternAnalysis-2025\Project7_3DUNet\pred3d_vis_bin_thr02\B038_Week0.nii\metrics.csv
B038_Week0_LFOV.nii.gz,binary,0.000000,C:\Users\nhwen\Desktop\PatternAnalysis-2025\Project7_3DUNet\pred3d_vis_bin_thr02\B038_Week0.nii\B038_Week0_LFOV_meta.json
B040_Week0_LFOV,binary,0.230869,C:\Users\nhwen\Desktop\PatternAnalysis-2025\Project7_3DUNet\pred3d_vis_bin_thr02\B040_Week0.nii\metrics.csv
B040_Week0_LFOV.nii.gz,binary,0.230869,C:\Users\nhwen\Desktop\PatternAnalysis-2025\Project7_3DUNet\pred3d_vis_bin_thr02\B040_Week0.nii\B040_Week0_LFOV_meta.json
B040_Week1_LFOV,binary,0.260856,C:\Users\nhwen\Desktop\PatternAnalysis-2025\Project7_3DUNet\pred3d_vis_bin_thr02\B040_Week1.nii\metrics.csv
B040_Week1_LFOV.nii.gz,binary,0.260856,C:\Users\nhwen\Desktop\PatternAnalysis-2025\Project7_3DUNet\pred3d_vis_bin_thr02\B040_Week1.nii\B040_Week1_LFOV_meta.json
B040_Week2_LFOV,binary,0.689690,C:\Users\nhwen\Desktop\PatternAnalysis-2025\Project7_3DUNet\pred3d_vis_bin_thr02\B040_Week2.nii\metrics.csv
B040_Week2_LFOV.nii.gz,binary,0.689690,C:\Users\nhwen\Desktop\PatternAnalysis-2025\Project7_3DUNet\pred3d_vis_bin_thr02\B040_Week2.nii\B040_Week2_LFOV_meta.json
B040_Week3_LFOV,binary,0.278649,C:\Users\nhwen\Desktop\PatternAnalysis-2025\Project7_3DUNet\pred3d_vis_bin_thr02\B040_Week3.nii\metrics.csv
B040_Week3_LFOV.nii.gz,binary,0.278649,C:\Users\nhwen\Desktop\PatternAnalysis-2025\Project7_3DUNet\pred3d_vis_bin_thr02\B040_Week3.nii\B040_Week3_LFOV_meta.json
B040_Week4_LFOV,binary,0.448237,C:\Users\nhwen\Desktop\PatternAnalysis-2025\Project7_3DUNet\pred3d_vis_bin_thr02\B040_Week4.nii\metrics.csv
B040_Week4_LFOV.nii.gz,binary,0.448237,C:\Users\nhwen\Desktop\PatternAnalysis-2025\Project7_3DUNet\pred3d_vis_bin_thr02\B040_Week4.nii\B040_Week4_LFOV_meta.json
B040_Week5_LFOV,binary,0.647622,C:\Users\nhwen\Desktop\PatternAnalysis-2025\Project7_3DUNet\pred3d_vis_bin_thr02\B040_Week5.nii\metrics.csv
B040_Week5_LFOV.nii.gz,binary,0.647622,C:\Users\nhwen\Desktop\PatternAnalysis-2025\Project7_3DUNet\pred3d_vis_bin_thr02\B040_Week5.nii\B040_Week5_LFOV_meta.json
B040_Week7_LFOV,binary,0.473211,C:\Users\nhwen\Desktop\PatternAnalysis-2025\Project7_3DUNet\pred3d_vis_bin_thr02\B040_Week7.nii\metrics.csv
B040_Week7_LFOV.nii.gz,binary,0.473211,C:\Users\nhwen\Desktop\PatternAnalysis-2025\Project7_3DUNet\pred3d_vis_bin_thr02\B040_Week7.nii\B040_Week7_LFOV_meta.json
C032_Week0_LFOV,binary,0.523637,C:\Users\nhwen\Desktop\PatternAnalysis-2025\Project7_3DUNet\pred3d_vis_bin_thr02\C032_Week0.nii\metrics.csv
C032_Week0_LFOV.nii.gz,binary,0.523637,C:\Users\nhwen\Desktop\PatternAnalysis-2025\Project7_3DUNet\pred3d_vis_bin_thr02\C032_Week0.nii\C032_Week0_LFOV_meta.json
C032_Week1_LFOV,binary,0.692269,C:\Users\nhwen\Desktop\PatternAnalysis-2025\Project7_3DUNet\pred3d_vis_bin_thr02\C032_Week1.nii\metrics.csv
C032_Week1_LFOV.nii.gz,binary,0.692269,C:\Users\nhwen\Desktop\PatternAnalysis-2025\Project7_3DUNet\pred3d_vis_bin_thr02\C032_Week1.nii\C032_Week1_LFOV_meta.json
C032_Week2_LFOV,binary,0.576828,C:\Users\nhwen\Desktop\PatternAnalysis-2025\Project7_3DUNet\pred3d_vis_bin_thr02\C032_Week2.nii\metrics.csv
C032_Week2_LFOV.nii.gz,binary,0.576828,C:\Users\nhwen\Desktop\PatternAnalysis-2025\Project7_3DUNet\pred3d_vis_bin_thr02\C032_Week2.nii\C032_Week2_LFOV_meta.json
C032_Week3_LFOV,binary,0.678568,C:\Users\nhwen\Desktop\PatternAnalysis-2025\Project7_3DUNet\pred3d_vis_bin_thr02\C032_Week3.nii\metrics.csv
C032_Week3_LFOV.nii.gz,binary,0.678568,C:\Users\nhwen\Desktop\PatternAnalysis-2025\Project7_3DUNet\pred3d_vis_bin_thr02\C032_Week3.nii\C032_Week3_LFOV_meta.json
C032_Week4_LFOV,binary,0.606114,C:\Users\nhwen\Desktop\PatternAnalysis-2025\Project7_3DUNet\pred3d_vis_bin_thr02\C032_Week4.nii\metrics.csv
C032_Week4_LFOV.nii.gz,binary,0.606114,C:\Users\nhwen\Desktop\PatternAnalysis-2025\Project7_3DUNet\pred3d_vis_bin_thr02\C032_Week4.nii\C032_Week4_LFOV_meta.json
C032_Week5_LFOV,binary,0.606475,C:\Users\nhwen\Desktop\PatternAnalysis-2025\Project7_3DUNet\pred3d_vis_bin_thr02\C032_Week5.nii\metrics.csv
C032_Week5_LFOV.nii.gz,binary,0.606475,C:\Users\nhwen\Desktop\PatternAnalysis-2025\Project7_3DUNet\pred3d_vis_bin_thr02\C032_Week5.nii\C032_Week5_LFOV_meta.json
C032_Week6_LFOV,binary,0.582911,C:\Users\nhwen\Desktop\PatternAnalysis-2025\Project7_3DUNet\pred3d_vis_bin_thr02\C032_Week6.nii\metrics.csv
C032_Week6_LFOV.nii.gz,binary,0.582911,C:\Users\nhwen\Desktop\PatternAnalysis-2025\Project7_3DUNet\pred3d_vis_bin_thr02\C032_Week6.nii\C032_Week6_LFOV_meta.json
C032_Week7_LFOV,binary,0.381874,C:\Users\nhwen\Desktop\PatternAnalysis-2025\Project7_3DUNet\pred3d_vis_bin_thr02\C032_Week7.nii\metrics.csv
C032_Week7_LFOV.nii.gz,binary,0.381874,C:\Users\nhwen\Desktop\PatternAnalysis-2025\Project7_3DUNet\pred3d_vis_bin_thr02\C032_Week7.nii\C032_Week7_LFOV_meta.json
D031_Week0_LFOV,binary,0.765037,C:\Users\nhwen\Desktop\PatternAnalysis-2025\Project7_3DUNet\pred3d_vis_bin_thr02\D031_Week0.nii\metrics.csv
D031_Week0_LFOV.nii.gz,binary,0.765037,C:\Users\nhwen\Desktop\PatternAnalysis-2025\Project7_3DUNet\pred3d_vis_bin_thr02\D031_Week0.nii\D031_Week0_LFOV_meta.json
D031_Week1_LFOV,binary,0.158116,C:\Users\nhwen\Desktop\PatternAnalysis-2025\Project7_3DUNet\pred3d_vis_bin_thr02\D031_Week1.nii\metrics.csv
D031_Week1_LFOV.nii.gz,binary,0.158116,C:\Users\nhwen\Desktop\PatternAnalysis-2025\Project7_3DUNet\pred3d_vis_bin_thr02\D031_Week1.nii\D031_Week1_LFOV_meta.json
D031_Week2_LFOV,binary,0.695479,C:\Users\nhwen\Desktop\PatternAnalysis-2025\Project7_3DUNet\pred3d_vis_bin_thr02\D031_Week2.nii\metrics.csv
D031_Week2_LFOV.nii.gz,binary,0.695479,C:\Users\nhwen\Desktop\PatternAnalysis-2025\Project7_3DUNet\pred3d_vis_bin_thr02\D031_Week2.nii\D031_Week2_LFOV_meta.json
D031_Week3_LFOV,binary,0.697746,C:\Users\nhwen\Desktop\PatternAnalysis-2025\Project7_3DUNet\pred3d_vis_bin_thr02\D031_Week3.nii\metrics.csv
D031_Week3_LFOV.nii.gz,binary,0.697746,C:\Users\nhwen\Desktop\PatternAnalysis-2025\Project7_3DUNet\pred3d_vis_bin_thr02\D031_Week3.nii\D031_Week3_LFOV_meta.json
D031_Week4_LFOV,binary,0.723204,C:\Users\nhwen\Desktop\PatternAnalysis-2025\Project7_3DUNet\pred3d_vis_bin_thr02\D031_Week4.nii\metrics.csv
D031_Week4_LFOV.nii.gz,binary,0.723204,C:\Users\nhwen\Desktop\PatternAnalysis-2025\Project7_3DUNet\pred3d_vis_bin_thr02\D031_Week4.nii\D031_Week4_LFOV_meta.json
D031_Week5_LFOV,binary,0.593220,C:\Users\nhwen\Desktop\PatternAnalysis-2025\Project7_3DUNet\pred3d_vis_bin_thr02\D031_Week5.nii\metrics.csv
D031_Week5_LFOV.nii.gz,binary,0.593220,C:\Users\nhwen\Desktop\PatternAnalysis-2025\Project7_3DUNet\pred3d_vis_bin_thr02\D031_Week5.nii\D031_Week5_LFOV_meta.json
D031_Week6_LFOV,binary,0.361311,C:\Users\nhwen\Desktop\PatternAnalysis-2025\Project7_3DUNet\pred3d_vis_bin_thr02\D031_Week6.nii\metrics.csv
D031_Week6_LFOV.nii.gz,binary,0.361311,C:\Users\nhwen\Desktop\PatternAnalysis-2025\Project7_3DUNet\pred3d_vis_bin_thr02\D031_Week6.nii\D031_Week6_LFOV_meta.json
D031_Week7_LFOV,binary,0.790795,C:\Users\nhwen\Desktop\PatternAnalysis-2025\Project7_3DUNet\pred3d_vis_bin_thr02\D031_Week7.nii\metrics.csv
D031_Week7_LFOV.nii.gz,binary,0.790795,C:\Users\nhwen\Desktop\PatternAnalysis-2025\Project7_3DUNet\pred3d_vis_bin_thr02\D031_Week7.nii\D031_Week7_LFOV_meta.json
G021_Week0_LFOV,binary,0.467492,C:\Users\nhwen\Desktop\PatternAnalysis-2025\Project7_3DUNet\pred3d_vis_bin_thr02\G021_Week0.nii\metrics.csv
G021_Week0_LFOV.nii.gz,binary,0.467492,C:\Users\nhwen\Desktop\PatternAnalysis-2025\Project7_3DUNet\pred3d_vis_bin_thr02\G021_Week0.nii\G021_Week0_LFOV_meta.json
G021_Week1_LFOV,binary,0.505812,C:\Users\nhwen\Desktop\PatternAnalysis-2025\Project7_3DUNet\pred3d_vis_bin_thr02\G021_Week1.nii\metrics.csv
G021_Week1_LFOV.nii.gz,binary,0.505812,C:\Users\nhwen\Desktop\PatternAnalysis-2025\Project7_3DUNet\pred3d_vis_bin_thr02\G021_Week1.nii\G021_Week1_LFOV_meta.json
G021_Week2_LFOV,binary,0.753154,C:\Users\nhwen\Desktop\PatternAnalysis-2025\Project7_3DUNet\pred3d_vis_bin_thr02\G021_Week2.nii\metrics.csv
G021_Week2_LFOV.nii.gz,binary,0.753154,C:\Users\nhwen\Desktop\PatternAnalysis-2025\Project7_3DUNet\pred3d_vis_bin_thr02\G021_Week2.nii\G021_Week2_LFOV_meta.json
G021_Week3_LFOV,binary,0.588130,C:\Users\nhwen\Desktop\PatternAnalysis-2025\Project7_3DUNet\pred3d_vis_bin_thr02\G021_Week3.nii\metrics.csv
G021_Week3_LFOV.nii.gz,binary,0.588130,C:\Users\nhwen\Desktop\PatternAnalysis-2025\Project7_3DUNet\pred3d_vis_bin_thr02\G021_Week3.nii\G021_Week3_LFOV_meta.json
G021_Week4_LFOV,binary,0.413950,C:\Users\nhwen\Desktop\PatternAnalysis-2025\Project7_3DUNet\pred3d_vis_bin_thr02\G021_Week4.nii\metrics.csv
G021_Week4_LFOV.nii.gz,binary,0.413950,C:\Users\nhwen\Desktop\PatternAnalysis-2025\Project7_3DUNet\pred3d_vis_bin_thr02\G021_Week4.nii\G021_Week4_LFOV_meta.json
G021_Week5_LFOV,binary,0.788433,C:\Users\nhwen\Desktop\PatternAnalysis-2025\Project7_3DUNet\pred3d_vis_bin_thr02\G021_Week5.nii\metrics.csv
G021_Week5_LFOV.nii.gz,binary,0.788433,C:\Users\nhwen\Desktop\PatternAnalysis-2025\Project7_3DUNet\pred3d_vis_bin_thr02\G021_Week5.nii\G021_Week5_LFOV_meta.json
G021_Week6_LFOV,binary,0.852473,C:\Users\nhwen\Desktop\PatternAnalysis-2025\Project7_3DUNet\pred3d_vis_bin_thr02\G021_Week6.nii\metrics.csv
G021_Week6_LFOV.nii.gz,binary,0.852473,C:\Users\nhwen\Desktop\PatternAnalysis-2025\Project7_3DUNet\pred3d_vis_bin_thr02\G021_Week6.nii\G021_Week6_LFOV_meta.json
G021_Week7_LFOV,binary,0.122164,C:\Users\nhwen\Desktop\PatternAnalysis-2025\Project7_3DUNet\pred3d_vis_bin_thr02\G021_Week7.nii\metrics.csv
G021_Week7_LFOV.nii.gz,binary,0.122164,C:\Users\nhwen\Desktop\PatternAnalysis-2025\Project7_3DUNet\pred3d_vis_bin_thr02\G021_Week7.nii\G021_Week7_LFOV_meta.json
H007_Week0_LFOV,binary,0.090672,C:\Users\nhwen\Desktop\PatternAnalysis-2025\Project7_3DUNet\pred3d_vis_bin_thr02\H007_Week0.nii\metrics.csv
H007_Week0_LFOV.nii.gz,binary,0.090672,C:\Users\nhwen\Desktop\PatternAnalysis-2025\Project7_3DUNet\pred3d_vis_bin_thr02\H007_Week0.nii\H007_Week0_LFOV_meta.json
H017_Week0_LFOV,binary,0.696344,C:\Users\nhwen\Desktop\PatternAnalysis-2025\Project7_3DUNet\pred3d_vis_bin_thr02\H017_Week0.nii\metrics.csv
H017_Week0_LFOV.nii.gz,binary,0.696344,C:\Users\nhwen\Desktop\PatternAnalysis-2025\Project7_3DUNet\pred3d_vis_bin_thr02\H017_Week0.nii\H017_Week0_LFOV_meta.json
H017_Week1_LFOV,binary,0.419764,C:\Users\nhwen\Desktop\PatternAnalysis-2025\Project7_3DUNet\pred3d_vis_bin_thr02\H017_Week1.nii\metrics.csv
H017_Week1_LFOV.nii.gz,binary,0.419764,C:\Users\nhwen\Desktop\PatternAnalysis-2025\Project7_3DUNet\pred3d_vis_bin_thr02\H017_Week1.nii\H017_Week1_LFOV_meta.json
H017_Week2_LFOV,binary,0.807886,C:\Users\nhwen\Desktop\PatternAnalysis-2025\Project7_3DUNet\pred3d_vis_bin_thr02\H017_Week2.nii\metrics.csv
H017_Week2_LFOV.nii.gz,binary,0.807886,C:\Users\nhwen\Desktop\PatternAnalysis-2025\Project7_3DUNet\pred3d_vis_bin_thr02\H017_Week2.nii\H017_Week2_LFOV_meta.json
H017_Week3_LFOV,binary,0.546866,C:\Users\nhwen\Desktop\PatternAnalysis-2025\Project7_3DUNet\pred3d_vis_bin_thr02\H017_Week3.nii\metrics.csv
H017_Week3_LFOV.nii.gz,binary,0.546866,C:\Users\nhwen\Desktop\PatternAnalysis-2025\Project7_3DUNet\pred3d_vis_bin_thr02\H017_Week3.nii\H017_Week3_LFOV_meta.json
H017_Week4_LFOV,binary,0.242753,C:\Users\nhwen\Desktop\PatternAnalysis-2025\Project7_3DUNet\pred3d_vis_bin_thr02\H017_Week4.nii\metrics.csv
H017_Week4_LFOV.nii.gz,binary,0.242753,C:\Users\nhwen\Desktop\PatternAnalysis-2025\Project7_3DUNet\pred3d_vis_bin_thr02\H017_Week4.nii\H017_Week4_LFOV_meta.json
H017_Week5_LFOV,binary,0.692960,C:\Users\nhwen\Desktop\PatternAnalysis-2025\Project7_3DUNet\pred3d_vis_bin_thr02\H017_Week5.nii\metrics.csv
H017_Week5_LFOV.nii.gz,binary,0.692960,C:\Users\nhwen\Desktop\PatternAnalysis-2025\Project7_3DUNet\pred3d_vis_bin_thr02\H017_Week5.nii\H017_Week5_LFOV_meta.json
H017_Week6_LFOV,binary,0.708725,C:\Users\nhwen\Desktop\PatternAnalysis-2025\Project7_3DUNet\pred3d_vis_bin_thr02\H017_Week6.nii\metrics.csv
H017_Week6_LFOV.nii.gz,binary,0.708725,C:\Users\nhwen\Desktop\PatternAnalysis-2025\Project7_3DUNet\pred3d_vis_bin_thr02\H017_Week6.nii\H017_Week6_LFOV_meta.json
H017_Week7_LFOV,binary,0.816635,C:\Users\nhwen\Desktop\PatternAnalysis-2025\Project7_3DUNet\pred3d_vis_bin_thr02\H017_Week7.nii\metrics.csv
H017_Week7_LFOV.nii.gz,binary,0.816635,C:\Users\nhwen\Desktop\PatternAnalysis-2025\Project7_3DUNet\pred3d_vis_bin_thr02\H017_Week7.nii\H017_Week7_LFOV_meta.json
J005_Week0_LFOV,binary,0.000000,C:\Users\nhwen\Desktop\PatternAnalysis-2025\Project7_3DUNet\pred3d_vis_bin_thr02\J005_Week0.nii\metrics.csv
J005_Week0_LFOV.nii.gz,binary,0.000000,C:\Users\nhwen\Desktop\PatternAnalysis-2025\Project7_3DUNet\pred3d_vis_bin_thr02\J005_Week0.nii\J005_Week0_LFOV_meta.json
J005_Week1_LFOV,binary,0.785409,C:\Users\nhwen\Desktop\PatternAnalysis-2025\Project7_3DUNet\pred3d_vis_bin_thr02\J005_Week1.nii\metrics.csv
J005_Week1_LFOV.nii.gz,binary,0.785409,C:\Users\nhwen\Desktop\PatternAnalysis-2025\Project7_3DUNet\pred3d_vis_bin_thr02\J005_Week1.nii\J005_Week1_LFOV_meta.json
J005_Week2_LFOV,binary,0.839304,C:\Users\nhwen\Desktop\PatternAnalysis-2025\Project7_3DUNet\pred3d_vis_bin_thr02\J005_Week2.nii\metrics.csv
J005_Week2_LFOV.nii.gz,binary,0.839304,C:\Users\nhwen\Desktop\PatternAnalysis-2025\Project7_3DUNet\pred3d_vis_bin_thr02\J005_Week2.nii\J005_Week2_LFOV_meta.json
J005_Week3_LFOV,binary,0.482637,C:\Users\nhwen\Desktop\PatternAnalysis-2025\Project7_3DUNet\pred3d_vis_bin_thr02\J005_Week3.nii\metrics.csv
J005_Week3_LFOV.nii.gz,binary,0.482637,C:\Users\nhwen\Desktop\PatternAnalysis-2025\Project7_3DUNet\pred3d_vis_bin_thr02\J005_Week3.nii\J005_Week3_LFOV_meta.json
J005_Week4_LFOV,binary,0.841695,C:\Users\nhwen\Desktop\PatternAnalysis-2025\Project7_3DUNet\pred3d_vis_bin_thr02\J005_Week4.nii\metrics.csv
J005_Week4_LFOV.nii.gz,binary,0.841695,C:\Users\nhwen\Desktop\PatternAnalysis-2025\Project7_3DUNet\pred3d_vis_bin_thr02\J005_Week4.nii\J005_Week4_LFOV_meta.json
J026_Week0_LFOV,binary,0.703697,C:\Users\nhwen\Desktop\PatternAnalysis-2025\Project7_3DUNet\pred3d_vis_bin_thr02\J026_Week0.nii\metrics.csv
J026_Week0_LFOV.nii.gz,binary,0.703697,C:\Users\nhwen\Desktop\PatternAnalysis-2025\Project7_3DUNet\pred3d_vis_bin_thr02\J026_Week0.nii\J026_Week0_LFOV_meta.json
J026_Week1_LFOV,binary,0.766180,C:\Users\nhwen\Desktop\PatternAnalysis-2025\Project7_3DUNet\pred3d_vis_bin_thr02\J026_Week1.nii\metrics.csv
J026_Week1_LFOV.nii.gz,binary,0.766180,C:\Users\nhwen\Desktop\PatternAnalysis-2025\Project7_3DUNet\pred3d_vis_bin_thr02\J026_Week1.nii\J026_Week1_LFOV_meta.json
J026_Week2_LFOV,binary,0.777561,C:\Users\nhwen\Desktop\PatternAnalysis-2025\Project7_3DUNet\pred3d_vis_bin_thr02\J026_Week2.nii\metrics.csv
J026_Week2_LFOV.nii.gz,binary,0.777561,C:\Users\nhwen\Desktop\PatternAnalysis-2025\Project7_3DUNet\pred3d_vis_bin_thr02\J026_Week2.nii\J026_Week2_LFOV_meta.json
J026_Week3_LFOV,binary,0.724397,C:\Users\nhwen\Desktop\PatternAnalysis-2025\Project7_3DUNet\pred3d_vis_bin_thr02\J026_Week3.nii\metrics.csv
J026_Week3_LFOV.nii.gz,binary,0.724397,C:\Users\nhwen\Desktop\PatternAnalysis-2025\Project7_3DUNet\pred3d_vis_bin_thr02\J026_Week3.nii\J026_Week3_LFOV_meta.json
J026_Week4_LFOV,binary,0.856812,C:\Users\nhwen\Desktop\PatternAnalysis-2025\Project7_3DUNet\pred3d_vis_bin_thr02\J026_Week4.nii\metrics.csv
J026_Week4_LFOV.nii.gz,binary,0.856812,C:\Users\nhwen\Desktop\PatternAnalysis-2025\Project7_3DUNet\pred3d_vis_bin_thr02\J026_Week4.nii\J026_Week4_LFOV_meta.json
J026_Week5_LFOV,binary,0.585560,C:\Users\nhwen\Desktop\PatternAnalysis-2025\Project7_3DUNet\pred3d_vis_bin_thr02\J026_Week5.nii\metrics.csv
J026_Week5_LFOV.nii.gz,binary,0.585560,C:\Users\nhwen\Desktop\PatternAnalysis-2025\Project7_3DUNet\pred3d_vis_bin_thr02\J026_Week5.nii\J026_Week5_LFOV_meta.json
J026_Week6_LFOV,binary,0.088073,C:\Users\nhwen\Desktop\PatternAnalysis-2025\Project7_3DUNet\pred3d_vis_bin_thr02\J026_Week6.nii\metrics.csv
J026_Week6_LFOV.nii.gz,binary,0.088073,C:\Users\nhwen\Desktop\PatternAnalysis-2025\Project7_3DUNet\pred3d_vis_bin_thr02\J026_Week6.nii\J026_Week6_LFOV_meta.json
J026_Week7_LFOV,binary,0.783661,C:\Users\nhwen\Desktop\PatternAnalysis-2025\Project7_3DUNet\pred3d_vis_bin_thr02\J026_Week7.nii\metrics.csv
J026_Week7_LFOV.nii.gz,binary,0.783661,C:\Users\nhwen\Desktop\PatternAnalysis-2025\Project7_3DUNet\pred3d_vis_bin_thr02\J026_Week7.nii\J026_Week7_LFOV_meta.json
K008_Week0_LFOV,binary,0.723536,C:\Users\nhwen\Desktop\PatternAnalysis-2025\Project7_3DUNet\pred3d_vis_bin_thr02\K008_Week0.nii\metrics.csv
K008_Week0_LFOV.nii.gz,binary,0.723536,C:\Users\nhwen\Desktop\PatternAnalysis-2025\Project7_3DUNet\pred3d_vis_bin_thr02\K008_Week0.nii\K008_Week0_LFOV_meta.json
K018_Week0_LFOV,binary,0.753934,C:\Users\nhwen\Desktop\PatternAnalysis-2025\Project7_3DUNet\pred3d_vis_bin_thr02\K018_Week0.nii\metrics.csv
K018_Week0_LFOV.nii.gz,binary,0.753934,C:\Users\nhwen\Desktop\PatternAnalysis-2025\Project7_3DUNet\pred3d_vis_bin_thr02\K018_Week0.nii\K018_Week0_LFOV_meta.json
K018_Week1_LFOV,binary,0.799721,C:\Users\nhwen\Desktop\PatternAnalysis-2025\Project7_3DUNet\pred3d_vis_bin_thr02\K018_Week1.nii\metrics.csv
K018_Week1_LFOV.nii.gz,binary,0.799721,C:\Users\nhwen\Desktop\PatternAnalysis-2025\Project7_3DUNet\pred3d_vis_bin_thr02\K018_Week1.nii\K018_Week1_LFOV_meta.json
K018_Week2_LFOV,binary,0.798473,C:\Users\nhwen\Desktop\PatternAnalysis-2025\Project7_3DUNet\pred3d_vis_bin_thr02\K018_Week2.nii\metrics.csv
K018_Week2_LFOV.nii.gz,binary,0.798473,C:\Users\nhwen\Desktop\PatternAnalysis-2025\Project7_3DUNet\pred3d_vis_bin_thr02\K018_Week2.nii\K018_Week2_LFOV_meta.json
K018_Week3_LFOV,binary,0.816226,C:\Users\nhwen\Desktop\PatternAnalysis-2025\Project7_3DUNet\pred3d_vis_bin_thr02\K018_Week3.nii\metrics.csv
K018_Week3_LFOV.nii.gz,binary,0.816226,C:\Users\nhwen\Desktop\PatternAnalysis-2025\Project7_3DUNet\pred3d_vis_bin_thr02\K018_Week3.nii\K018_Week3_LFOV_meta.json
K018_Week4_LFOV,binary,0.745848,C:\Users\nhwen\Desktop\PatternAnalysis-2025\Project7_3DUNet\pred3d_vis_bin_thr02\K018_Week4.nii\metrics.csv
K018_Week4_LFOV.nii.gz,binary,0.745848,C:\Users\nhwen\Desktop\PatternAnalysis-2025\Project7_3DUNet\pred3d_vis_bin_thr02\K018_Week4.nii\K018_Week4_LFOV_meta.json
K018_Week5_LFOV,binary,0.738073,C:\Users\nhwen\Desktop\PatternAnalysis-2025\Project7_3DUNet\pred3d_vis_bin_thr02\K018_Week5.nii\metrics.csv
K018_Week5_LFOV.nii.gz,binary,0.738073,C:\Users\nhwen\Desktop\PatternAnalysis-2025\Project7_3DUNet\pred3d_vis_bin_thr02\K018_Week5.nii\K018_Week5_LFOV_meta.json
K018_Week6_LFOV,binary,0.660653,C:\Users\nhwen\Desktop\PatternAnalysis-2025\Project7_3DUNet\pred3d_vis_bin_thr02\K018_Week6.nii\metrics.csv
K018_Week6_LFOV.nii.gz,binary,0.660653,C:\Users\nhwen\Desktop\PatternAnalysis-2025\Project7_3DUNet\pred3d_vis_bin_thr02\K018_Week6.nii\K018_Week6_LFOV_meta.json
K018_Week7_LFOV,binary,0.741557,C:\Users\nhwen\Desktop\PatternAnalysis-2025\Project7_3DUNet\pred3d_vis_bin_thr02\K018_Week7.nii\metrics.csv
K018_Week7_LFOV.nii.gz,binary,0.741557,C:\Users\nhwen\Desktop\PatternAnalysis-2025\Project7_3DUNet\pred3d_vis_bin_thr02\K018_Week7.nii\K018_Week7_LFOV_meta.json
K019_Week0_LFOV,binary,0.729608,C:\Users\nhwen\Desktop\PatternAnalysis-2025\Project7_3DUNet\pred3d_vis_bin_thr02\K019_Week0.nii\metrics.csv
K019_Week0_LFOV.nii.gz,binary,0.729608,C:\Users\nhwen\Desktop\PatternAnalysis-2025\Project7_3DUNet\pred3d_vis_bin_thr02\K019_Week0.nii\K019_Week0_LFOV_meta.json
K019_Week1_LFOV,binary,0.851951,C:\Users\nhwen\Desktop\PatternAnalysis-2025\Project7_3DUNet\pred3d_vis_bin_thr02\K019_Week1.nii\metrics.csv
K019_Week1_LFOV.nii.gz,binary,0.851951,C:\Users\nhwen\Desktop\PatternAnalysis-2025\Project7_3DUNet\pred3d_vis_bin_thr02\K019_Week1.nii\K019_Week1_LFOV_meta.json
K019_Week2_LFOV,binary,0.816244,C:\Users\nhwen\Desktop\PatternAnalysis-2025\Project7_3DUNet\pred3d_vis_bin_thr02\K019_Week2.nii\metrics.csv
K019_Week2_LFOV.nii.gz,binary,0.816244,C:\Users\nhwen\Desktop\PatternAnalysis-2025\Project7_3DUNet\pred3d_vis_bin_thr02\K019_Week2.nii\K019_Week2_LFOV_meta.json
K019_Week3_LFOV,binary,0.811983,C:\Users\nhwen\Desktop\PatternAnalysis-2025\Project7_3DUNet\pred3d_vis_bin_thr02\K019_Week3.nii\metrics.csv
K019_Week3_LFOV.nii.gz,binary,0.811983,C:\Users\nhwen\Desktop\PatternAnalysis-2025\Project7_3DUNet\pred3d_vis_bin_thr02\K019_Week3.nii\K019_Week3_LFOV_meta.json
K019_Week4_LFOV,binary,0.813487,C:\Users\nhwen\Desktop\PatternAnalysis-2025\Project7_3DUNet\pred3d_vis_bin_thr02\K019_Week4.nii\metrics.csv
K019_Week4_LFOV.nii.gz,binary,0.813487,C:\Users\nhwen\Desktop\PatternAnalysis-2025\Project7_3DUNet\pred3d_vis_bin_thr02\K019_Week4.nii\K019_Week4_LFOV_meta.json
K019_Week5_LFOV,binary,0.768013,C:\Users\nhwen\Desktop\PatternAnalysis-2025\Project7_3DUNet\pred3d_vis_bin_thr02\K019_Week5.nii\metrics.csv
K019_Week5_LFOV.nii.gz,binary,0.768013,C:\Users\nhwen\Desktop\PatternAnalysis-2025\Project7_3DUNet\pred3d_vis_bin_thr02\K019_Week5.nii\K019_Week5_LFOV_meta.json
K019_Week6_LFOV,binary,0.822412,C:\Users\nhwen\Desktop\PatternAnalysis-2025\Project7_3DUNet\pred3d_vis_bin_thr02\K019_Week6.nii\metrics.csv
K019_Week6_LFOV.nii.gz,binary,0.822412,C:\Users\nhwen\Desktop\PatternAnalysis-2025\Project7_3DUNet\pred3d_vis_bin_thr02\K019_Week6.nii\K019_Week6_LFOV_meta.json
K019_Week7_LFOV,binary,0.712124,C:\Users\nhwen\Desktop\PatternAnalysis-2025\Project7_3DUNet\pred3d_vis_bin_thr02\K019_Week7.nii\metrics.csv
K019_Week7_LFOV.nii.gz,binary,0.712124,C:\Users\nhwen\Desktop\PatternAnalysis-2025\Project7_3DUNet\pred3d_vis_bin_thr02\K019_Week7.nii\K019_Week7_LFOV_meta.json
K042_Week0_LFOV,binary,0.705029,C:\Users\nhwen\Desktop\PatternAnalysis-2025\Project7_3DUNet\pred3d_vis_bin_thr02\K042_Week0.nii\metrics.csv
K042_Week0_LFOV.nii.gz,binary,0.705029,C:\Users\nhwen\Desktop\PatternAnalysis-2025\Project7_3DUNet\pred3d_vis_bin_thr02\K042_Week0.nii\K042_Week0_LFOV_meta.json
L011_Week0_LFOV,binary,0.727377,C:\Users\nhwen\Desktop\PatternAnalysis-2025\Project7_3DUNet\pred3d_vis_bin_thr02\L011_Week0.nii\metrics.csv
L011_Week0_LFOV.nii.gz,binary,0.727377,C:\Users\nhwen\Desktop\PatternAnalysis-2025\Project7_3DUNet\pred3d_vis_bin_thr02\L011_Week0.nii\L011_Week0_LFOV_meta.json
L011_Week1_LFOV,binary,0.852825,C:\Users\nhwen\Desktop\PatternAnalysis-2025\Project7_3DUNet\pred3d_vis_bin_thr02\L011_Week1.nii\metrics.csv
L011_Week1_LFOV.nii.gz,binary,0.852825,C:\Users\nhwen\Desktop\PatternAnalysis-2025\Project7_3DUNet\pred3d_vis_bin_thr02\L011_Week1.nii\L011_Week1_LFOV_meta.json
L011_Week2_LFOV,binary,0.802228,C:\Users\nhwen\Desktop\PatternAnalysis-2025\Project7_3DUNet\pred3d_vis_bin_thr02\L011_Week2.nii\metrics.csv
L011_Week2_LFOV.nii.gz,binary,0.802228,C:\Users\nhwen\Desktop\PatternAnalysis-2025\Project7_3DUNet\pred3d_vis_bin_thr02\L011_Week2.nii\L011_Week2_LFOV_meta.json
L011_Week3_LFOV,binary,0.775291,C:\Users\nhwen\Desktop\PatternAnalysis-2025\Project7_3DUNet\pred3d_vis_bin_thr02\L011_Week3.nii\metrics.csv
L011_Week3_LFOV.nii.gz,binary,0.775291,C:\Users\nhwen\Desktop\PatternAnalysis-2025\Project7_3DUNet\pred3d_vis_bin_thr02\L011_Week3.nii\L011_Week3_LFOV_meta.json
L011_Week4_LFOV,binary,0.805423,C:\Users\nhwen\Desktop\PatternAnalysis-2025\Project7_3DUNet\pred3d_vis_bin_thr02\L011_Week4.nii\metrics.csv
L011_Week4_LFOV.nii.gz,binary,0.805423,C:\Users\nhwen\Desktop\PatternAnalysis-2025\Project7_3DUNet\pred3d_vis_bin_thr02\L011_Week4.nii\L011_Week4_LFOV_meta.json
L011_Week5_LFOV,binary,0.843352,C:\Users\nhwen\Desktop\PatternAnalysis-2025\Project7_3DUNet\pred3d_vis_bin_thr02\L011_Week5.nii\metrics.csv
L011_Week5_LFOV.nii.gz,binary,0.843352,C:\Users\nhwen\Desktop\PatternAnalysis-2025\Project7_3DUNet\pred3d_vis_bin_thr02\L011_Week5.nii\L011_Week5_LFOV_meta.json
L011_Week6_LFOV,binary,0.801164,C:\Users\nhwen\Desktop\PatternAnalysis-2025\Project7_3DUNet\pred3d_vis_bin_thr02\L011_Week6.nii\metrics.csv
L011_Week6_LFOV.nii.gz,binary,0.801164,C:\Users\nhwen\Desktop\PatternAnalysis-2025\Project7_3DUNet\pred3d_vis_bin_thr02\L011_Week6.nii\L011_Week6_LFOV_meta.json
L011_Week7_LFOV,binary,0.843912,C:\Users\nhwen\Desktop\PatternAnalysis-2025\Project7_3DUNet\pred3d_vis_bin_thr02\L011_Week7.nii\metrics.csv
L011_Week7_LFOV.nii.gz,binary,0.843912,C:\Users\nhwen\Desktop\PatternAnalysis-2025\Project7_3DUNet\pred3d_vis_bin_thr02\L011_Week7.nii\L011_Week7_LFOV_meta.json
M004_Week0_LFOV,binary,0.812015,C:\Users\nhwen\Desktop\PatternAnalysis-2025\Project7_3DUNet\pred3d_vis_bin_thr02\M004_Week0.nii\metrics.csv
M004_Week0_LFOV.nii.gz,binary,0.812015,C:\Users\nhwen\Desktop\PatternAnalysis-2025\Project7_3DUNet\pred3d_vis_bin_thr02\M004_Week0.nii\M004_Week0_LFOV_meta.json
M004_Week1_LFOV,binary,0.690827,C:\Users\nhwen\Desktop\PatternAnalysis-2025\Project7_3DUNet\pred3d_vis_bin_thr02\M004_Week1.nii\metrics.csv
M004_Week1_LFOV.nii.gz,binary,0.690827,C:\Users\nhwen\Desktop\PatternAnalysis-2025\Project7_3DUNet\pred3d_vis_bin_thr02\M004_Week1.nii\M004_Week1_LFOV_meta.json
M004_Week2_LFOV,binary,0.424425,C:\Users\nhwen\Desktop\PatternAnalysis-2025\Project7_3DUNet\pred3d_vis_bin_thr02\M004_Week2.nii\metrics.csv
M004_Week2_LFOV.nii.gz,binary,0.424425,C:\Users\nhwen\Desktop\PatternAnalysis-2025\Project7_3DUNet\pred3d_vis_bin_thr02\M004_Week2.nii\M004_Week2_LFOV_meta.json
M004_Week3_LFOV,binary,0.799215,C:\Users\nhwen\Desktop\PatternAnalysis-2025\Project7_3DUNet\pred3d_vis_bin_thr02\M004_Week3.nii\metrics.csv
M004_Week3_LFOV.nii.gz,binary,0.799215,C:\Users\nhwen\Desktop\PatternAnalysis-2025\Project7_3DUNet\pred3d_vis_bin_thr02\M004_Week3.nii\M004_Week3_LFOV_meta.json
M004_Week4_LFOV,binary,0.504818,C:\Users\nhwen\Desktop\PatternAnalysis-2025\Project7_3DUNet\pred3d_vis_bin_thr02\M004_Week4.nii\metrics.csv
M004_Week4_LFOV.nii.gz,binary,0.504818,C:\Users\nhwen\Desktop\PatternAnalysis-2025\Project7_3DUNet\pred3d_vis_bin_thr02\M004_Week4.nii\M004_Week4_LFOV_meta.json
M004_Week5_LFOV,binary,0.543242,C:\Users\nhwen\Desktop\PatternAnalysis-2025\Project7_3DUNet\pred3d_vis_bin_thr02\M004_Week5.nii\metrics.csv
M004_Week5_LFOV.nii.gz,binary,0.543242,C:\Users\nhwen\Desktop\PatternAnalysis-2025\Project7_3DUNet\pred3d_vis_bin_thr02\M004_Week5.nii\M004_Week5_LFOV_meta.json
M004_Week6_LFOV,binary,0.277365,C:\Users\nhwen\Desktop\PatternAnalysis-2025\Project7_3DUNet\pred3d_vis_bin_thr02\M004_Week6.nii\metrics.csv
M004_Week6_LFOV.nii.gz,binary,0.277365,C:\Users\nhwen\Desktop\PatternAnalysis-2025\Project7_3DUNet\pred3d_vis_bin_thr02\M004_Week6.nii\M004_Week6_LFOV_meta.json
M004_Week7_LFOV,binary,0.754840,C:\Users\nhwen\Desktop\PatternAnalysis-2025\Project7_3DUNet\pred3d_vis_bin_thr02\M004_Week7.nii\metrics.csv
M004_Week7_LFOV.nii.gz,binary,0.754840,C:\Users\nhwen\Desktop\PatternAnalysis-2025\Project7_3DUNet\pred3d_vis_bin_thr02\M004_Week7.nii\M004_Week7_LFOV_meta.json
M013_Week0_LFOV,binary,0.780739,C:\Users\nhwen\Desktop\PatternAnalysis-2025\Project7_3DUNet\pred3d_vis_bin_thr02\M013_Week0.nii\metrics.csv
M013_Week0_LFOV.nii.gz,binary,0.780739,C:\Users\nhwen\Desktop\PatternAnalysis-2025\Project7_3DUNet\pred3d_vis_bin_thr02\M013_Week0.nii\M013_Week0_LFOV_meta.json
M013_Week1_LFOV,binary,0.753534,C:\Users\nhwen\Desktop\PatternAnalysis-2025\Project7_3DUNet\pred3d_vis_bin_thr02\M013_Week1.nii\metrics.csv
M013_Week1_LFOV.nii.gz,binary,0.753534,C:\Users\nhwen\Desktop\PatternAnalysis-2025\Project7_3DUNet\pred3d_vis_bin_thr02\M013_Week1.nii\M013_Week1_LFOV_meta.json
M013_Week2_LFOV,binary,0.770826,C:\Users\nhwen\Desktop\PatternAnalysis-2025\Project7_3DUNet\pred3d_vis_bin_thr02\M013_Week2.nii\metrics.csv
M013_Week2_LFOV.nii.gz,binary,0.770826,C:\Users\nhwen\Desktop\PatternAnalysis-2025\Project7_3DUNet\pred3d_vis_bin_thr02\M013_Week2.nii\M013_Week2_LFOV_meta.json
M013_Week3_LFOV,binary,0.831384,C:\Users\nhwen\Desktop\PatternAnalysis-2025\Project7_3DUNet\pred3d_vis_bin_thr02\M013_Week3.nii\metrics.csv
M013_Week3_LFOV.nii.gz,binary,0.831384,C:\Users\nhwen\Desktop\PatternAnalysis-2025\Project7_3DUNet\pred3d_vis_bin_thr02\M013_Week3.nii\M013_Week3_LFOV_meta.json
M013_Week4_LFOV,binary,0.734852,C:\Users\nhwen\Desktop\PatternAnalysis-2025\Project7_3DUNet\pred3d_vis_bin_thr02\M013_Week4.nii\metrics.csv
M013_Week4_LFOV.nii.gz,binary,0.734852,C:\Users\nhwen\Desktop\PatternAnalysis-2025\Project7_3DUNet\pred3d_vis_bin_thr02\M013_Week4.nii\M013_Week4_LFOV_meta.json
M013_Week5_LFOV,binary,0.746039,C:\Users\nhwen\Desktop\PatternAnalysis-2025\Project7_3DUNet\pred3d_vis_bin_thr02\M013_Week5.nii\metrics.csv
M013_Week5_LFOV.nii.gz,binary,0.746039,C:\Users\nhwen\Desktop\PatternAnalysis-2025\Project7_3DUNet\pred3d_vis_bin_thr02\M013_Week5.nii\M013_Week5_LFOV_meta.json
M013_Week6_LFOV,binary,0.581968,C:\Users\nhwen\Desktop\PatternAnalysis-2025\Project7_3DUNet\pred3d_vis_bin_thr02\M013_Week6.nii\metrics.csv
M013_Week6_LFOV.nii.gz,binary,0.581968,C:\Users\nhwen\Desktop\PatternAnalysis-2025\Project7_3DUNet\pred3d_vis_bin_thr02\M013_Week6.nii\M013_Week6_LFOV_meta.json
M013_Week7_LFOV,binary,0.785076,C:\Users\nhwen\Desktop\PatternAnalysis-2025\Project7_3DUNet\pred3d_vis_bin_thr02\M013_Week7.nii\metrics.csv
M013_Week7_LFOV.nii.gz,binary,0.785076,C:\Users\nhwen\Desktop\PatternAnalysis-2025\Project7_3DUNet\pred3d_vis_bin_thr02\M013_Week7.nii\M013_Week7_LFOV_meta.json
M015_Week0_LFOV,binary,0.428616,C:\Users\nhwen\Desktop\PatternAnalysis-2025\Project7_3DUNet\pred3d_vis_bin_thr02\M015_Week0.nii\metrics.csv
M015_Week0_LFOV.nii.gz,binary,0.428616,C:\Users\nhwen\Desktop\PatternAnalysis-2025\Project7_3DUNet\pred3d_vis_bin_thr02\M015_Week0.nii\M015_Week0_LFOV_meta.json
M015_Week1_LFOV,binary,0.419308,C:\Users\nhwen\Desktop\PatternAnalysis-2025\Project7_3DUNet\pred3d_vis_bin_thr02\M015_Week1.nii\metrics.csv
M015_Week1_LFOV.nii.gz,binary,0.419308,C:\Users\nhwen\Desktop\PatternAnalysis-2025\Project7_3DUNet\pred3d_vis_bin_thr02\M015_Week1.nii\M015_Week1_LFOV_meta.json
M015_Week2_LFOV,binary,0.567714,C:\Users\nhwen\Desktop\PatternAnalysis-2025\Project7_3DUNet\pred3d_vis_bin_thr02\M015_Week2.nii\metrics.csv
M015_Week2_LFOV.nii.gz,binary,0.567714,C:\Users\nhwen\Desktop\PatternAnalysis-2025\Project7_3DUNet\pred3d_vis_bin_thr02\M015_Week2.nii\M015_Week2_LFOV_meta.json
M015_Week3_LFOV,binary,0.625990,C:\Users\nhwen\Desktop\PatternAnalysis-2025\Project7_3DUNet\pred3d_vis_bin_thr02\M015_Week3.nii\metrics.csv
M015_Week3_LFOV.nii.gz,binary,0.625990,C:\Users\nhwen\Desktop\PatternAnalysis-2025\Project7_3DUNet\pred3d_vis_bin_thr02\M015_Week3.nii\M015_Week3_LFOV_meta.json
M015_Week4_LFOV,binary,0.556847,C:\Users\nhwen\Desktop\PatternAnalysis-2025\Project7_3DUNet\pred3d_vis_bin_thr02\M015_Week4.nii\metrics.csv
M015_Week4_LFOV.nii.gz,binary,0.556847,C:\Users\nhwen\Desktop\PatternAnalysis-2025\Project7_3DUNet\pred3d_vis_bin_thr02\M015_Week4.nii\M015_Week4_LFOV_meta.json
M015_Week5_LFOV,binary,0.378271,C:\Users\nhwen\Desktop\PatternAnalysis-2025\Project7_3DUNet\pred3d_vis_bin_thr02\M015_Week5.nii\metrics.csv
M015_Week5_LFOV.nii.gz,binary,0.378271,C:\Users\nhwen\Desktop\PatternAnalysis-2025\Project7_3DUNet\pred3d_vis_bin_thr02\M015_Week5.nii\M015_Week5_LFOV_meta.json
M015_Week6_LFOV,binary,0.525580,C:\Users\nhwen\Desktop\PatternAnalysis-2025\Project7_3DUNet\pred3d_vis_bin_thr02\M015_Week6.nii\metrics.csv
M015_Week6_LFOV.nii.gz,binary,0.525580,C:\Users\nhwen\Desktop\PatternAnalysis-2025\Project7_3DUNet\pred3d_vis_bin_thr02\M015_Week6.nii\M015_Week6_LFOV_meta.json
M015_Week7_LFOV,binary,0.425639,C:\Users\nhwen\Desktop\PatternAnalysis-2025\Project7_3DUNet\pred3d_vis_bin_thr02\M015_Week7.nii\metrics.csv
M015_Week7_LFOV.nii.gz,binary,0.425639,C:\Users\nhwen\Desktop\PatternAnalysis-2025\Project7_3DUNet\pred3d_vis_bin_thr02\M015_Week7.nii\M015_Week7_LFOV_meta.json
M020_Week0_LFOV,binary,0.658654,C:\Users\nhwen\Desktop\PatternAnalysis-2025\Project7_3DUNet\pred3d_vis_bin_thr02\M020_Week0.nii\metrics.csv
M020_Week0_LFOV.nii.gz,binary,0.658654,C:\Users\nhwen\Desktop\PatternAnalysis-2025\Project7_3DUNet\pred3d_vis_bin_thr02\M020_Week0.nii\M020_Week0_LFOV_meta.json
M020_Week1_LFOV,binary,0.786880,C:\Users\nhwen\Desktop\PatternAnalysis-2025\Project7_3DUNet\pred3d_vis_bin_thr02\M020_Week1.nii\metrics.csv
M020_Week1_LFOV.nii.gz,binary,0.786880,C:\Users\nhwen\Desktop\PatternAnalysis-2025\Project7_3DUNet\pred3d_vis_bin_thr02\M020_Week1.nii\M020_Week1_LFOV_meta.json
M020_Week2_LFOV,binary,0.857926,C:\Users\nhwen\Desktop\PatternAnalysis-2025\Project7_3DUNet\pred3d_vis_bin_thr02\M020_Week2.nii\metrics.csv
M020_Week2_LFOV.nii.gz,binary,0.857926,C:\Users\nhwen\Desktop\PatternAnalysis-2025\Project7_3DUNet\pred3d_vis_bin_thr02\M020_Week2.nii\M020_Week2_LFOV_meta.json
M020_Week3_LFOV,binary,0.737750,C:\Users\nhwen\Desktop\PatternAnalysis-2025\Project7_3DUNet\pred3d_vis_bin_thr02\M020_Week3.nii\metrics.csv
M020_Week3_LFOV.nii.gz,binary,0.737750,C:\Users\nhwen\Desktop\PatternAnalysis-2025\Project7_3DUNet\pred3d_vis_bin_thr02\M020_Week3.nii\M020_Week3_LFOV_meta.json
M023_Week0_LFOV,binary,0.665054,C:\Users\nhwen\Desktop\PatternAnalysis-2025\Project7_3DUNet\pred3d_vis_bin_thr02\M023_Week0.nii\metrics.csv
M023_Week0_LFOV.nii.gz,binary,0.665054,C:\Users\nhwen\Desktop\PatternAnalysis-2025\Project7_3DUNet\pred3d_vis_bin_thr02\M023_Week0.nii\M023_Week0_LFOV_meta.json
M030_Week0_LFOV,binary,0.212377,C:\Users\nhwen\Desktop\PatternAnalysis-2025\Project7_3DUNet\pred3d_vis_bin_thr02\M030_Week0.nii\metrics.csv
M030_Week0_LFOV.nii.gz,binary,0.212377,C:\Users\nhwen\Desktop\PatternAnalysis-2025\Project7_3DUNet\pred3d_vis_bin_thr02\M030_Week0.nii\M030_Week0_LFOV_meta.json
M030_Week1_LFOV,binary,0.337611,C:\Users\nhwen\Desktop\PatternAnalysis-2025\Project7_3DUNet\pred3d_vis_bin_thr02\M030_Week1.nii\metrics.csv
M030_Week1_LFOV.nii.gz,binary,0.337611,C:\Users\nhwen\Desktop\PatternAnalysis-2025\Project7_3DUNet\pred3d_vis_bin_thr02\M030_Week1.nii\M030_Week1_LFOV_meta.json
M030_Week2_LFOV,binary,0.439074,C:\Users\nhwen\Desktop\PatternAnalysis-2025\Project7_3DUNet\pred3d_vis_bin_thr02\M030_Week2.nii\metrics.csv
M030_Week2_LFOV.nii.gz,binary,0.439074,C:\Users\nhwen\Desktop\PatternAnalysis-2025\Project7_3DUNet\pred3d_vis_bin_thr02\M030_Week2.nii\M030_Week2_LFOV_meta.json
M030_Week3_LFOV,binary,0.335975,C:\Users\nhwen\Desktop\PatternAnalysis-2025\Project7_3DUNet\pred3d_vis_bin_thr02\M030_Week3.nii\metrics.csv
M030_Week3_LFOV.nii.gz,binary,0.335975,C:\Users\nhwen\Desktop\PatternAnalysis-2025\Project7_3DUNet\pred3d_vis_bin_thr02\M030_Week3.nii\M030_Week3_LFOV_meta.json
M030_Week4_LFOV,binary,0.369350,C:\Users\nhwen\Desktop\PatternAnalysis-2025\Project7_3DUNet\pred3d_vis_bin_thr02\M030_Week4.nii\metrics.csv
M030_Week4_LFOV.nii.gz,binary,0.369350,C:\Users\nhwen\Desktop\PatternAnalysis-2025\Project7_3DUNet\pred3d_vis_bin_thr02\M030_Week4.nii\M030_Week4_LFOV_meta.json
M030_Week5_LFOV,binary,0.336511,C:\Users\nhwen\Desktop\PatternAnalysis-2025\Project7_3DUNet\pred3d_vis_bin_thr02\M030_Week5.nii\metrics.csv
M030_Week5_LFOV.nii.gz,binary,0.336511,C:\Users\nhwen\Desktop\PatternAnalysis-2025\Project7_3DUNet\pred3d_vis_bin_thr02\M030_Week5.nii\M030_Week5_LFOV_meta.json
M036_Week0_LFOV,binary,0.495847,C:\Users\nhwen\Desktop\PatternAnalysis-2025\Project7_3DUNet\pred3d_vis_bin_thr02\M036_Week0.nii\metrics.csv
M036_Week0_LFOV.nii.gz,binary,0.495847,C:\Users\nhwen\Desktop\PatternAnalysis-2025\Project7_3DUNet\pred3d_vis_bin_thr02\M036_Week0.nii\M036_Week0_LFOV_meta.json
N010_Week0_LFOV,binary,0.000000,C:\Users\nhwen\Desktop\PatternAnalysis-2025\Project7_3DUNet\pred3d_vis_bin_thr02\N010_Week0.nii\metrics.csv
N010_Week0_LFOV.nii.gz,binary,0.000000,C:\Users\nhwen\Desktop\PatternAnalysis-2025\Project7_3DUNet\pred3d_vis_bin_thr02\N010_Week0.nii\N010_Week0_LFOV_meta.json
N010_Week1_LFOV,binary,0.229510,C:\Users\nhwen\Desktop\PatternAnalysis-2025\Project7_3DUNet\pred3d_vis_bin_thr02\N010_Week1.nii\metrics.csv
N010_Week1_LFOV.nii.gz,binary,0.229510,C:\Users\nhwen\Desktop\PatternAnalysis-2025\Project7_3DUNet\pred3d_vis_bin_thr02\N010_Week1.nii\N010_Week1_LFOV_meta.json
N010_Week2_LFOV,binary,0.526531,C:\Users\nhwen\Desktop\PatternAnalysis-2025\Project7_3DUNet\pred3d_vis_bin_thr02\N010_Week2.nii\metrics.csv
N010_Week2_LFOV.nii.gz,binary,0.526531,C:\Users\nhwen\Desktop\PatternAnalysis-2025\Project7_3DUNet\pred3d_vis_bin_thr02\N010_Week2.nii\N010_Week2_LFOV_meta.json
N010_Week3_LFOV,binary,0.484634,C:\Users\nhwen\Desktop\PatternAnalysis-2025\Project7_3DUNet\pred3d_vis_bin_thr02\N010_Week3.nii\metrics.csv
N010_Week3_LFOV.nii.gz,binary,0.484634,C:\Users\nhwen\Desktop\PatternAnalysis-2025\Project7_3DUNet\pred3d_vis_bin_thr02\N010_Week3.nii\N010_Week3_LFOV_meta.json
N010_Week4_LFOV,binary,0.217552,C:\Users\nhwen\Desktop\PatternAnalysis-2025\Project7_3DUNet\pred3d_vis_bin_thr02\N010_Week4.nii\metrics.csv
N010_Week4_LFOV.nii.gz,binary,0.217552,C:\Users\nhwen\Desktop\PatternAnalysis-2025\Project7_3DUNet\pred3d_vis_bin_thr02\N010_Week4.nii\N010_Week4_LFOV_meta.json
N010_Week5_LFOV,binary,0.699524,C:\Users\nhwen\Desktop\PatternAnalysis-2025\Project7_3DUNet\pred3d_vis_bin_thr02\N010_Week5.nii\metrics.csv
N010_Week5_LFOV.nii.gz,binary,0.699524,C:\Users\nhwen\Desktop\PatternAnalysis-2025\Project7_3DUNet\pred3d_vis_bin_thr02\N010_Week5.nii\N010_Week5_LFOV_meta.json
N010_Week6_LFOV,binary,0.515096,C:\Users\nhwen\Desktop\PatternAnalysis-2025\Project7_3DUNet\pred3d_vis_bin_thr02\N010_Week6.nii\metrics.csv
N010_Week6_LFOV.nii.gz,binary,0.515096,C:\Users\nhwen\Desktop\PatternAnalysis-2025\Project7_3DUNet\pred3d_vis_bin_thr02\N010_Week6.nii\N010_Week6_LFOV_meta.json
N010_Week7_LFOV,binary,0.704183,C:\Users\nhwen\Desktop\PatternAnalysis-2025\Project7_3DUNet\pred3d_vis_bin_thr02\N010_Week7.nii\metrics.csv
N010_Week7_LFOV.nii.gz,binary,0.704183,C:\Users\nhwen\Desktop\PatternAnalysis-2025\Project7_3DUNet\pred3d_vis_bin_thr02\N010_Week7.nii\N010_Week7_LFOV_meta.json
O025_Week0_LFOV,binary,0.258092,C:\Users\nhwen\Desktop\PatternAnalysis-2025\Project7_3DUNet\pred3d_vis_bin_thr02\O025_Week0.nii\metrics.csv
O025_Week0_LFOV.nii.gz,binary,0.258092,C:\Users\nhwen\Desktop\PatternAnalysis-2025\Project7_3DUNet\pred3d_vis_bin_thr02\O025_Week0.nii\O025_Week0_LFOV_meta.json
O025_Week1_LFOV,binary,0.657586,C:\Users\nhwen\Desktop\PatternAnalysis-2025\Project7_3DUNet\pred3d_vis_bin_thr02\O025_Week1.nii\metrics.csv
O025_Week1_LFOV.nii.gz,binary,0.657586,C:\Users\nhwen\Desktop\PatternAnalysis-2025\Project7_3DUNet\pred3d_vis_bin_thr02\O025_Week1.nii\O025_Week1_LFOV_meta.json
O025_Week2_LFOV,binary,0.601232,C:\Users\nhwen\Desktop\PatternAnalysis-2025\Project7_3DUNet\pred3d_vis_bin_thr02\O025_Week2.nii\metrics.csv
O025_Week2_LFOV.nii.gz,binary,0.601232,C:\Users\nhwen\Desktop\PatternAnalysis-2025\Project7_3DUNet\pred3d_vis_bin_thr02\O025_Week2.nii\O025_Week2_LFOV_meta.json
O025_Week3_LFOV,binary,0.778128,C:\Users\nhwen\Desktop\PatternAnalysis-2025\Project7_3DUNet\pred3d_vis_bin_thr02\O025_Week3.nii\metrics.csv
O025_Week3_LFOV.nii.gz,binary,0.778128,C:\Users\nhwen\Desktop\PatternAnalysis-2025\Project7_3DUNet\pred3d_vis_bin_thr02\O025_Week3.nii\O025_Week3_LFOV_meta.json
O025_Week4_LFOV,binary,0.272660,C:\Users\nhwen\Desktop\PatternAnalysis-2025\Project7_3DUNet\pred3d_vis_bin_thr02\O025_Week4.nii\metrics.csv
O025_Week4_LFOV.nii.gz,binary,0.272660,C:\Users\nhwen\Desktop\PatternAnalysis-2025\Project7_3DUNet\pred3d_vis_bin_thr02\O025_Week4.nii\O025_Week4_LFOV_meta.json
O025_Week5_LFOV,binary,0.601863,C:\Users\nhwen\Desktop\PatternAnalysis-2025\Project7_3DUNet\pred3d_vis_bin_thr02\O025_Week5.nii\metrics.csv
O025_Week5_LFOV.nii.gz,binary,0.601863,C:\Users\nhwen\Desktop\PatternAnalysis-2025\Project7_3DUNet\pred3d_vis_bin_thr02\O025_Week5.nii\O025_Week5_LFOV_meta.json
O025_Week6_LFOV,binary,0.800271,C:\Users\nhwen\Desktop\PatternAnalysis-2025\Project7_3DUNet\pred3d_vis_bin_thr02\O025_Week6.nii\metrics.csv
O025_Week6_LFOV.nii.gz,binary,0.800271,C:\Users\nhwen\Desktop\PatternAnalysis-2025\Project7_3DUNet\pred3d_vis_bin_thr02\O025_Week6.nii\O025_Week6_LFOV_meta.json
O025_Week7_LFOV,binary,0.717878,C:\Users\nhwen\Desktop\PatternAnalysis-2025\Project7_3DUNet\pred3d_vis_bin_thr02\O025_Week7.nii\metrics.csv
O025_Week7_LFOV.nii.gz,binary,0.717878,C:\Users\nhwen\Desktop\PatternAnalysis-2025\Project7_3DUNet\pred3d_vis_bin_thr02\O025_Week7.nii\O025_Week7_LFOV_meta.json
R016_Week0_LFOV,binary,0.562013,C:\Users\nhwen\Desktop\PatternAnalysis-2025\Project7_3DUNet\pred3d_vis_bin_thr02\R016_Week0.nii\metrics.csv
R016_Week0_LFOV.nii.gz,binary,0.562013,C:\Users\nhwen\Desktop\PatternAnalysis-2025\Project7_3DUNet\pred3d_vis_bin_thr02\R016_Week0.nii\R016_Week0_LFOV_meta.json
R016_Week1_LFOV,binary,0.460399,C:\Users\nhwen\Desktop\PatternAnalysis-2025\Project7_3DUNet\pred3d_vis_bin_thr02\R016_Week1.nii\metrics.csv
R016_Week1_LFOV.nii.gz,binary,0.460399,C:\Users\nhwen\Desktop\PatternAnalysis-2025\Project7_3DUNet\pred3d_vis_bin_thr02\R016_Week1.nii\R016_Week1_LFOV_meta.json
R016_Week2_LFOV,binary,0.766571,C:\Users\nhwen\Desktop\PatternAnalysis-2025\Project7_3DUNet\pred3d_vis_bin_thr02\R016_Week2.nii\metrics.csv
R016_Week2_LFOV.nii.gz,binary,0.766571,C:\Users\nhwen\Desktop\PatternAnalysis-2025\Project7_3DUNet\pred3d_vis_bin_thr02\R016_Week2.nii\R016_Week2_LFOV_meta.json
R016_Week3_LFOV,binary,0.514598,C:\Users\nhwen\Desktop\PatternAnalysis-2025\Project7_3DUNet\pred3d_vis_bin_thr02\R016_Week3.nii\metrics.csv
R016_Week3_LFOV.nii.gz,binary,0.514598,C:\Users\nhwen\Desktop\PatternAnalysis-2025\Project7_3DUNet\pred3d_vis_bin_thr02\R016_Week3.nii\R016_Week3_LFOV_meta.json
R016_Week4_LFOV,binary,0.613617,C:\Users\nhwen\Desktop\PatternAnalysis-2025\Project7_3DUNet\pred3d_vis_bin_thr02\R016_Week4.nii\metrics.csv
R016_Week4_LFOV.nii.gz,binary,0.613617,C:\Users\nhwen\Desktop\PatternAnalysis-2025\Project7_3DUNet\pred3d_vis_bin_thr02\R016_Week4.nii\R016_Week4_LFOV_meta.json
R016_Week5_LFOV,binary,0.481193,C:\Users\nhwen\Desktop\PatternAnalysis-2025\Project7_3DUNet\pred3d_vis_bin_thr02\R016_Week5.nii\metrics.csv
R016_Week5_LFOV.nii.gz,binary,0.481193,C:\Users\nhwen\Desktop\PatternAnalysis-2025\Project7_3DUNet\pred3d_vis_bin_thr02\R016_Week5.nii\R016_Week5_LFOV_meta.json
R016_Week6_LFOV,binary,0.406377,C:\Users\nhwen\Desktop\PatternAnalysis-2025\Project7_3DUNet\pred3d_vis_bin_thr02\R016_Week6.nii\metrics.csv
R016_Week6_LFOV.nii.gz,binary,0.406377,C:\Users\nhwen\Desktop\PatternAnalysis-2025\Project7_3DUNet\pred3d_vis_bin_thr02\R016_Week6.nii\R016_Week6_LFOV_meta.json
R016_Week7_LFOV,binary,0.390444,C:\Users\nhwen\Desktop\PatternAnalysis-2025\Project7_3DUNet\pred3d_vis_bin_thr02\R016_Week7.nii\metrics.csv
R016_Week7_LFOV.nii.gz,binary,0.390444,C:\Users\nhwen\Desktop\PatternAnalysis-2025\Project7_3DUNet\pred3d_vis_bin_thr02\R016_Week7.nii\R016_Week7_LFOV_meta.json
R024_Week0_LFOV,binary,0.165861,C:\Users\nhwen\Desktop\PatternAnalysis-2025\Project7_3DUNet\pred3d_vis_bin_thr02\R024_Week0.nii\metrics.csv
R024_Week0_LFOV.nii.gz,binary,0.165861,C:\Users\nhwen\Desktop\PatternAnalysis-2025\Project7_3DUNet\pred3d_vis_bin_thr02\R024_Week0.nii\R024_Week0_LFOV_meta.json
R024_Week1_LFOV,binary,0.711688,C:\Users\nhwen\Desktop\PatternAnalysis-2025\Project7_3DUNet\pred3d_vis_bin_thr02\R024_Week1.nii\metrics.csv
R024_Week1_LFOV.nii.gz,binary,0.711688,C:\Users\nhwen\Desktop\PatternAnalysis-2025\Project7_3DUNet\pred3d_vis_bin_thr02\R024_Week1.nii\R024_Week1_LFOV_meta.json
R024_Week2_LFOV,binary,0.766555,C:\Users\nhwen\Desktop\PatternAnalysis-2025\Project7_3DUNet\pred3d_vis_bin_thr02\R024_Week2.nii\metrics.csv
R024_Week2_LFOV.nii.gz,binary,0.766555,C:\Users\nhwen\Desktop\PatternAnalysis-2025\Project7_3DUNet\pred3d_vis_bin_thr02\R024_Week2.nii\R024_Week2_LFOV_meta.json
R024_Week3_LFOV,binary,0.722015,C:\Users\nhwen\Desktop\PatternAnalysis-2025\Project7_3DUNet\pred3d_vis_bin_thr02\R024_Week3.nii\metrics.csv
R024_Week3_LFOV.nii.gz,binary,0.722015,C:\Users\nhwen\Desktop\PatternAnalysis-2025\Project7_3DUNet\pred3d_vis_bin_thr02\R024_Week3.nii\R024_Week3_LFOV_meta.json
R024_Week4_LFOV,binary,0.816844,C:\Users\nhwen\Desktop\PatternAnalysis-2025\Project7_3DUNet\pred3d_vis_bin_thr02\R024_Week4.nii\metrics.csv
R024_Week4_LFOV.nii.gz,binary,0.816844,C:\Users\nhwen\Desktop\PatternAnalysis-2025\Project7_3DUNet\pred3d_vis_bin_thr02\R024_Week4.nii\R024_Week4_LFOV_meta.json
R024_Week5_LFOV,binary,0.821015,C:\Users\nhwen\Desktop\PatternAnalysis-2025\Project7_3DUNet\pred3d_vis_bin_thr02\R024_Week5.nii\metrics.csv
R024_Week5_LFOV.nii.gz,binary,0.821015,C:\Users\nhwen\Desktop\PatternAnalysis-2025\Project7_3DUNet\pred3d_vis_bin_thr02\R024_Week5.nii\R024_Week5_LFOV_meta.json
R024_Week6_LFOV,binary,0.792199,C:\Users\nhwen\Desktop\PatternAnalysis-2025\Project7_3DUNet\pred3d_vis_bin_thr02\R024_Week6.nii\metrics.csv
R024_Week6_LFOV.nii.gz,binary,0.792199,C:\Users\nhwen\Desktop\PatternAnalysis-2025\Project7_3DUNet\pred3d_vis_bin_thr02\R024_Week6.nii\R024_Week6_LFOV_meta.json
R024_Week7_LFOV,binary,0.668235,C:\Users\nhwen\Desktop\PatternAnalysis-2025\Project7_3DUNet\pred3d_vis_bin_thr02\R024_Week7.nii\metrics.csv
R024_Week7_LFOV.nii.gz,binary,0.668235,C:\Users\nhwen\Desktop\PatternAnalysis-2025\Project7_3DUNet\pred3d_vis_bin_thr02\R024_Week7.nii\R024_Week7_LFOV_meta.json
R039_Week0_LFOV,binary,0.068791,C:\Users\nhwen\Desktop\PatternAnalysis-2025\Project7_3DUNet\pred3d_vis_bin_thr02\R039_Week0.nii\metrics.csv
R039_Week0_LFOV.nii.gz,binary,0.068791,C:\Users\nhwen\Desktop\PatternAnalysis-2025\Project7_3DUNet\pred3d_vis_bin_thr02\R039_Week0.nii\R039_Week0_LFOV_meta.json
R039_Week1_LFOV,binary,0.000000,C:\Users\nhwen\Desktop\PatternAnalysis-2025\Project7_3DUNet\pred3d_vis_bin_thr02\R039_Week1.nii\metrics.csv
R039_Week1_LFOV.nii.gz,binary,0.000000,C:\Users\nhwen\Desktop\PatternAnalysis-2025\Project7_3DUNet\pred3d_vis_bin_thr02\R039_Week1.nii\R039_Week1_LFOV_meta.json
R039_Week2_LFOV,binary,0.602930,C:\Users\nhwen\Desktop\PatternAnalysis-2025\Project7_3DUNet\pred3d_vis_bin_thr02\R039_Week2.nii\metrics.csv
R039_Week2_LFOV.nii.gz,binary,0.602930,C:\Users\nhwen\Desktop\PatternAnalysis-2025\Project7_3DUNet\pred3d_vis_bin_thr02\R039_Week2.nii\R039_Week2_LFOV_meta.json
R039_Week3_LFOV,binary,0.453529,C:\Users\nhwen\Desktop\PatternAnalysis-2025\Project7_3DUNet\pred3d_vis_bin_thr02\R039_Week3.nii\metrics.csv
R039_Week3_LFOV.nii.gz,binary,0.453529,C:\Users\nhwen\Desktop\PatternAnalysis-2025\Project7_3DUNet\pred3d_vis_bin_thr02\R039_Week3.nii\R039_Week3_LFOV_meta.json
R039_Week4_LFOV,binary,0.535354,C:\Users\nhwen\Desktop\PatternAnalysis-2025\Project7_3DUNet\pred3d_vis_bin_thr02\R039_Week4.nii\metrics.csv
R039_Week4_LFOV.nii.gz,binary,0.535354,C:\Users\nhwen\Desktop\PatternAnalysis-2025\Project7_3DUNet\pred3d_vis_bin_thr02\R039_Week4.nii\R039_Week4_LFOV_meta.json
R039_Week5_LFOV,binary,0.587984,C:\Users\nhwen\Desktop\PatternAnalysis-2025\Project7_3DUNet\pred3d_vis_bin_thr02\R039_Week5.nii\metrics.csv
R039_Week5_LFOV.nii.gz,binary,0.587984,C:\Users\nhwen\Desktop\PatternAnalysis-2025\Project7_3DUNet\pred3d_vis_bin_thr02\R039_Week5.nii\R039_Week5_LFOV_meta.json
R039_Week6_LFOV,binary,0.742814,C:\Users\nhwen\Desktop\PatternAnalysis-2025\Project7_3DUNet\pred3d_vis_bin_thr02\R039_Week6.nii\metrics.csv
R039_Week6_LFOV.nii.gz,binary,0.742814,C:\Users\nhwen\Desktop\PatternAnalysis-2025\Project7_3DUNet\pred3d_vis_bin_thr02\R039_Week6.nii\R039_Week6_LFOV_meta.json
R039_Week7_LFOV,binary,0.717119,C:\Users\nhwen\Desktop\PatternAnalysis-2025\Project7_3DUNet\pred3d_vis_bin_thr02\R039_Week7.nii\metrics.csv
R039_Week7_LFOV.nii.gz,binary,0.717119,C:\Users\nhwen\Desktop\PatternAnalysis-2025\Project7_3DUNet\pred3d_vis_bin_thr02\R039_Week7.nii\R039_Week7_LFOV_meta.json
S022_Week0_LFOV,binary,0.583698,C:\Users\nhwen\Desktop\PatternAnalysis-2025\Project7_3DUNet\pred3d_vis_bin_thr02\S022_Week0.nii\metrics.csv
S022_Week0_LFOV.nii.gz,binary,0.583698,C:\Users\nhwen\Desktop\PatternAnalysis-2025\Project7_3DUNet\pred3d_vis_bin_thr02\S022_Week0.nii\S022_Week0_LFOV_meta.json
S022_Week1_LFOV,binary,0.644709,C:\Users\nhwen\Desktop\PatternAnalysis-2025\Project7_3DUNet\pred3d_vis_bin_thr02\S022_Week1.nii\metrics.csv
S022_Week1_LFOV.nii.gz,binary,0.644709,C:\Users\nhwen\Desktop\PatternAnalysis-2025\Project7_3DUNet\pred3d_vis_bin_thr02\S022_Week1.nii\S022_Week1_LFOV_meta.json
S022_Week2_LFOV,binary,0.694313,C:\Users\nhwen\Desktop\PatternAnalysis-2025\Project7_3DUNet\pred3d_vis_bin_thr02\S022_Week2.nii\metrics.csv
S022_Week2_LFOV.nii.gz,binary,0.694313,C:\Users\nhwen\Desktop\PatternAnalysis-2025\Project7_3DUNet\pred3d_vis_bin_thr02\S022_Week2.nii\S022_Week2_LFOV_meta.json
S022_Week3_LFOV,binary,0.746125,C:\Users\nhwen\Desktop\PatternAnalysis-2025\Project7_3DUNet\pred3d_vis_bin_thr02\S022_Week3.nii\metrics.csv
S022_Week3_LFOV.nii.gz,binary,0.746125,C:\Users\nhwen\Desktop\PatternAnalysis-2025\Project7_3DUNet\pred3d_vis_bin_thr02\S022_Week3.nii\S022_Week3_LFOV_meta.json
S022_Week4_LFOV,binary,0.762836,C:\Users\nhwen\Desktop\PatternAnalysis-2025\Project7_3DUNet\pred3d_vis_bin_thr02\S022_Week4.nii\metrics.csv
S022_Week4_LFOV.nii.gz,binary,0.762836,C:\Users\nhwen\Desktop\PatternAnalysis-2025\Project7_3DUNet\pred3d_vis_bin_thr02\S022_Week4.nii\S022_Week4_LFOV_meta.json
S022_Week5_LFOV,binary,0.673049,C:\Users\nhwen\Desktop\PatternAnalysis-2025\Project7_3DUNet\pred3d_vis_bin_thr02\S022_Week5.nii\metrics.csv
S022_Week5_LFOV.nii.gz,binary,0.673049,C:\Users\nhwen\Desktop\PatternAnalysis-2025\Project7_3DUNet\pred3d_vis_bin_thr02\S022_Week5.nii\S022_Week5_LFOV_meta.json
S022_Week6_LFOV,binary,0.713048,C:\Users\nhwen\Desktop\PatternAnalysis-2025\Project7_3DUNet\pred3d_vis_bin_thr02\S022_Week6.nii\metrics.csv
S022_Week6_LFOV.nii.gz,binary,0.713048,C:\Users\nhwen\Desktop\PatternAnalysis-2025\Project7_3DUNet\pred3d_vis_bin_thr02\S022_Week6.nii\S022_Week6_LFOV_meta.json
S022_Week7_LFOV,binary,0.767681,C:\Users\nhwen\Desktop\PatternAnalysis-2025\Project7_3DUNet\pred3d_vis_bin_thr02\S022_Week7.nii\metrics.csv
S022_Week7_LFOV.nii.gz,binary,0.767681,C:\Users\nhwen\Desktop\PatternAnalysis-2025\Project7_3DUNet\pred3d_vis_bin_thr02\S022_Week7.nii\S022_Week7_LFOV_meta.json
S028_Week0_LFOV,binary,0.511248,C:\Users\nhwen\Desktop\PatternAnalysis-2025\Project7_3DUNet\pred3d_vis_bin_thr02\S028_Week0.nii\metrics.csv
S028_Week0_LFOV.nii.gz,binary,0.511248,C:\Users\nhwen\Desktop\PatternAnalysis-2025\Project7_3DUNet\pred3d_vis_bin_thr02\S028_Week0.nii\S028_Week0_LFOV_meta.json
S033_Week0_LFOV,binary,0.515283,C:\Users\nhwen\Desktop\PatternAnalysis-2025\Project7_3DUNet\pred3d_vis_bin_thr02\S033_Week0.nii\metrics.csv
S033_Week0_LFOV.nii.gz,binary,0.515283,C:\Users\nhwen\Desktop\PatternAnalysis-2025\Project7_3DUNet\pred3d_vis_bin_thr02\S033_Week0.nii\S033_Week0_LFOV_meta.json
S033_Week1_LFOV,binary,0.798270,C:\Users\nhwen\Desktop\PatternAnalysis-2025\Project7_3DUNet\pred3d_vis_bin_thr02\S033_Week1.nii\metrics.csv
S033_Week1_LFOV.nii.gz,binary,0.798270,C:\Users\nhwen\Desktop\PatternAnalysis-2025\Project7_3DUNet\pred3d_vis_bin_thr02\S033_Week1.nii\S033_Week1_LFOV_meta.json
S033_Week2_LFOV,binary,0.688363,C:\Users\nhwen\Desktop\PatternAnalysis-2025\Project7_3DUNet\pred3d_vis_bin_thr02\S033_Week2.nii\metrics.csv
S033_Week2_LFOV.nii.gz,binary,0.688363,C:\Users\nhwen\Desktop\PatternAnalysis-2025\Project7_3DUNet\pred3d_vis_bin_thr02\S033_Week2.nii\S033_Week2_LFOV_meta.json
S033_Week3_LFOV,binary,0.628753,C:\Users\nhwen\Desktop\PatternAnalysis-2025\Project7_3DUNet\pred3d_vis_bin_thr02\S033_Week3.nii\metrics.csv
S033_Week3_LFOV.nii.gz,binary,0.628753,C:\Users\nhwen\Desktop\PatternAnalysis-2025\Project7_3DUNet\pred3d_vis_bin_thr02\S033_Week3.nii\S033_Week3_LFOV_meta.json
S033_Week4_LFOV,binary,0.663237,C:\Users\nhwen\Desktop\PatternAnalysis-2025\Project7_3DUNet\pred3d_vis_bin_thr02\S033_Week4.nii\metrics.csv
S033_Week4_LFOV.nii.gz,binary,0.663237,C:\Users\nhwen\Desktop\PatternAnalysis-2025\Project7_3DUNet\pred3d_vis_bin_thr02\S033_Week4.nii\S033_Week4_LFOV_meta.json
S033_Week5_LFOV,binary,0.703806,C:\Users\nhwen\Desktop\PatternAnalysis-2025\Project7_3DUNet\pred3d_vis_bin_thr02\S033_Week5.nii\metrics.csv
S033_Week5_LFOV.nii.gz,binary,0.703806,C:\Users\nhwen\Desktop\PatternAnalysis-2025\Project7_3DUNet\pred3d_vis_bin_thr02\S033_Week5.nii\S033_Week5_LFOV_meta.json
S033_Week6_LFOV,binary,0.642857,C:\Users\nhwen\Desktop\PatternAnalysis-2025\Project7_3DUNet\pred3d_vis_bin_thr02\S033_Week6.nii\metrics.csv
S033_Week6_LFOV.nii.gz,binary,0.642857,C:\Users\nhwen\Desktop\PatternAnalysis-2025\Project7_3DUNet\pred3d_vis_bin_thr02\S033_Week6.nii\S033_Week6_LFOV_meta.json
S033_Week7_LFOV,binary,0.714442,C:\Users\nhwen\Desktop\PatternAnalysis-2025\Project7_3DUNet\pred3d_vis_bin_thr02\S033_Week7.nii\metrics.csv
S033_Week7_LFOV.nii.gz,binary,0.714442,C:\Users\nhwen\Desktop\PatternAnalysis-2025\Project7_3DUNet\pred3d_vis_bin_thr02\S033_Week7.nii\S033_Week7_LFOV_meta.json
S035_Week0_LFOV,binary,0.000000,C:\Users\nhwen\Desktop\PatternAnalysis-2025\Project7_3DUNet\pred3d_vis_bin_thr02\S035_Week0.nii\metrics.csv
S035_Week0_LFOV.nii.gz,binary,0.000000,C:\Users\nhwen\Desktop\PatternAnalysis-2025\Project7_3DUNet\pred3d_vis_bin_thr02\S035_Week0.nii\S035_Week0_LFOV_meta.json
T009_Week0_LFOV,binary,0.860044,C:\Users\nhwen\Desktop\PatternAnalysis-2025\Project7_3DUNet\pred3d_vis_bin_thr02\T009_Week0.nii\metrics.csv
T009_Week0_LFOV.nii.gz,binary,0.860044,C:\Users\nhwen\Desktop\PatternAnalysis-2025\Project7_3DUNet\pred3d_vis_bin_thr02\T009_Week0.nii\T009_Week0_LFOV_meta.json
T014_Week0_LFOV,binary,0.043900,C:\Users\nhwen\Desktop\PatternAnalysis-2025\Project7_3DUNet\pred3d_vis_bin_thr02\T014_Week0.nii\metrics.csv
T014_Week0_LFOV.nii.gz,binary,0.043900,C:\Users\nhwen\Desktop\PatternAnalysis-2025\Project7_3DUNet\pred3d_vis_bin_thr02\T014_Week0.nii\T014_Week0_LFOV_meta.json
T014_Week1_LFOV,binary,0.349407,C:\Users\nhwen\Desktop\PatternAnalysis-2025\Project7_3DUNet\pred3d_vis_bin_thr02\T014_Week1.nii\metrics.csv
T014_Week1_LFOV.nii.gz,binary,0.349407,C:\Users\nhwen\Desktop\PatternAnalysis-2025\Project7_3DUNet\pred3d_vis_bin_thr02\T014_Week1.nii\T014_Week1_LFOV_meta.json
T014_Week2_LFOV,binary,0.519862,C:\Users\nhwen\Desktop\PatternAnalysis-2025\Project7_3DUNet\pred3d_vis_bin_thr02\T014_Week2.nii\metrics.csv
T014_Week2_LFOV.nii.gz,binary,0.519862,C:\Users\nhwen\Desktop\PatternAnalysis-2025\Project7_3DUNet\pred3d_vis_bin_thr02\T014_Week2.nii\T014_Week2_LFOV_meta.json
T014_Week3_LFOV,binary,0.639014,C:\Users\nhwen\Desktop\PatternAnalysis-2025\Project7_3DUNet\pred3d_vis_bin_thr02\T014_Week3.nii\metrics.csv
T014_Week3_LFOV.nii.gz,binary,0.639014,C:\Users\nhwen\Desktop\PatternAnalysis-2025\Project7_3DUNet\pred3d_vis_bin_thr02\T014_Week3.nii\T014_Week3_LFOV_meta.json
T014_Week4_LFOV,binary,0.465938,C:\Users\nhwen\Desktop\PatternAnalysis-2025\Project7_3DUNet\pred3d_vis_bin_thr02\T014_Week4.nii\metrics.csv
T014_Week4_LFOV.nii.gz,binary,0.465938,C:\Users\nhwen\Desktop\PatternAnalysis-2025\Project7_3DUNet\pred3d_vis_bin_thr02\T014_Week4.nii\T014_Week4_LFOV_meta.json
T014_Week5_LFOV,binary,0.400144,C:\Users\nhwen\Desktop\PatternAnalysis-2025\Project7_3DUNet\pred3d_vis_bin_thr02\T014_Week5.nii\metrics.csv
T014_Week5_LFOV.nii.gz,binary,0.400144,C:\Users\nhwen\Desktop\PatternAnalysis-2025\Project7_3DUNet\pred3d_vis_bin_thr02\T014_Week5.nii\T014_Week5_LFOV_meta.json
T014_Week6_LFOV,binary,0.554885,C:\Users\nhwen\Desktop\PatternAnalysis-2025\Project7_3DUNet\pred3d_vis_bin_thr02\T014_Week6.nii\metrics.csv
T014_Week6_LFOV.nii.gz,binary,0.554885,C:\Users\nhwen\Desktop\PatternAnalysis-2025\Project7_3DUNet\pred3d_vis_bin_thr02\T014_Week6.nii\T014_Week6_LFOV_meta.json
T014_Week7_LFOV,binary,0.663130,C:\Users\nhwen\Desktop\PatternAnalysis-2025\Project7_3DUNet\pred3d_vis_bin_thr02\T014_Week7.nii\metrics.csv
T014_Week7_LFOV.nii.gz,binary,0.663130,C:\Users\nhwen\Desktop\PatternAnalysis-2025\Project7_3DUNet\pred3d_vis_bin_thr02\T014_Week7.nii\T014_Week7_LFOV_meta.json
V027_Week0_LFOV,binary,0.476123,C:\Users\nhwen\Desktop\PatternAnalysis-2025\Project7_3DUNet\pred3d_vis_bin_thr02\V027_Week0.nii\metrics.csv
V027_Week0_LFOV.nii.gz,binary,0.476123,C:\Users\nhwen\Desktop\PatternAnalysis-2025\Project7_3DUNet\pred3d_vis_bin_thr02\V027_Week0.nii\V027_Week0_LFOV_meta.json
V027_Week1_LFOV,binary,0.661720,C:\Users\nhwen\Desktop\PatternAnalysis-2025\Project7_3DUNet\pred3d_vis_bin_thr02\V027_Week1.nii\metrics.csv
V027_Week1_LFOV.nii.gz,binary,0.661720,C:\Users\nhwen\Desktop\PatternAnalysis-2025\Project7_3DUNet\pred3d_vis_bin_thr02\V027_Week1.nii\V027_Week1_LFOV_meta.json
V027_Week2_LFOV,binary,0.691208,C:\Users\nhwen\Desktop\PatternAnalysis-2025\Project7_3DUNet\pred3d_vis_bin_thr02\V027_Week2.nii\metrics.csv
V027_Week2_LFOV.nii.gz,binary,0.691208,C:\Users\nhwen\Desktop\PatternAnalysis-2025\Project7_3DUNet\pred3d_vis_bin_thr02\V027_Week2.nii\V027_Week2_LFOV_meta.json
V027_Week3_LFOV,binary,0.715353,C:\Users\nhwen\Desktop\PatternAnalysis-2025\Project7_3DUNet\pred3d_vis_bin_thr02\V027_Week3.nii\metrics.csv
V027_Week3_LFOV.nii.gz,binary,0.715353,C:\Users\nhwen\Desktop\PatternAnalysis-2025\Project7_3DUNet\pred3d_vis_bin_thr02\V027_Week3.nii\V027_Week3_LFOV_meta.json
V027_Week4_LFOV,binary,0.720868,C:\Users\nhwen\Desktop\PatternAnalysis-2025\Project7_3DUNet\pred3d_vis_bin_thr02\V027_Week4.nii\metrics.csv
V027_Week4_LFOV.nii.gz,binary,0.720868,C:\Users\nhwen\Desktop\PatternAnalysis-2025\Project7_3DUNet\pred3d_vis_bin_thr02\V027_Week4.nii\V027_Week4_LFOV_meta.json
V027_Week5_LFOV,binary,0.362434,C:\Users\nhwen\Desktop\PatternAnalysis-2025\Project7_3DUNet\pred3d_vis_bin_thr02\V027_Week5.nii\metrics.csv
V027_Week5_LFOV.nii.gz,binary,0.362434,C:\Users\nhwen\Desktop\PatternAnalysis-2025\Project7_3DUNet\pred3d_vis_bin_thr02\V027_Week5.nii\V027_Week5_LFOV_meta.json
V027_Week6_LFOV,binary,0.389086,C:\Users\nhwen\Desktop\PatternAnalysis-2025\Project7_3DUNet\pred3d_vis_bin_thr02\V027_Week6.nii\metrics.csv
V027_Week6_LFOV.nii.gz,binary,0.389086,C:\Users\nhwen\Desktop\PatternAnalysis-2025\Project7_3DUNet\pred3d_vis_bin_thr02\V027_Week6.nii\V027_Week6_LFOV_meta.json
V027_Week7_LFOV,binary,0.506348,C:\Users\nhwen\Desktop\PatternAnalysis-2025\Project7_3DUNet\pred3d_vis_bin_thr02\V027_Week7.nii\metrics.csv
V027_Week7_LFOV.nii.gz,binary,0.506348,C:\Users\nhwen\Desktop\PatternAnalysis-2025\Project7_3DUNet\pred3d_vis_bin_thr02\V027_Week7.nii\V027_Week7_LFOV_meta.json
W012_Week0_LFOV,binary,0.812982,C:\Users\nhwen\Desktop\PatternAnalysis-2025\Project7_3DUNet\pred3d_vis_bin_thr02\W012_Week0.nii\metrics.csv
W012_Week0_LFOV.nii.gz,binary,0.812982,C:\Users\nhwen\Desktop\PatternAnalysis-2025\Project7_3DUNet\pred3d_vis_bin_thr02\W012_Week0.nii\W012_Week0_LFOV_meta.json
W012_Week1_LFOV,binary,0.606789,C:\Users\nhwen\Desktop\PatternAnalysis-2025\Project7_3DUNet\pred3d_vis_bin_thr02\W012_Week1.nii\metrics.csv
W012_Week1_LFOV.nii.gz,binary,0.606789,C:\Users\nhwen\Desktop\PatternAnalysis-2025\Project7_3DUNet\pred3d_vis_bin_thr02\W012_Week1.nii\W012_Week1_LFOV_meta.json
W012_Week2_LFOV,binary,0.625324,C:\Users\nhwen\Desktop\PatternAnalysis-2025\Project7_3DUNet\pred3d_vis_bin_thr02\W012_Week2.nii\metrics.csv
W012_Week2_LFOV.nii.gz,binary,0.625324,C:\Users\nhwen\Desktop\PatternAnalysis-2025\Project7_3DUNet\pred3d_vis_bin_thr02\W012_Week2.nii\W012_Week2_LFOV_meta.json
W012_Week3_LFOV,binary,0.529826,C:\Users\nhwen\Desktop\PatternAnalysis-2025\Project7_3DUNet\pred3d_vis_bin_thr02\W012_Week3.nii\metrics.csv
W012_Week3_LFOV.nii.gz,binary,0.529826,C:\Users\nhwen\Desktop\PatternAnalysis-2025\Project7_3DUNet\pred3d_vis_bin_thr02\W012_Week3.nii\W012_Week3_LFOV_meta.json
W012_Week4_LFOV,binary,0.723284,C:\Users\nhwen\Desktop\PatternAnalysis-2025\Project7_3DUNet\pred3d_vis_bin_thr02\W012_Week4.nii\metrics.csv
W012_Week4_LFOV.nii.gz,binary,0.723284,C:\Users\nhwen\Desktop\PatternAnalysis-2025\Project7_3DUNet\pred3d_vis_bin_thr02\W012_Week4.nii\W012_Week4_LFOV_meta.json
W012_Week5_LFOV,binary,0.705307,C:\Users\nhwen\Desktop\PatternAnalysis-2025\Project7_3DUNet\pred3d_vis_bin_thr02\W012_Week5.nii\metrics.csv
W012_Week5_LFOV.nii.gz,binary,0.705307,C:\Users\nhwen\Desktop\PatternAnalysis-2025\Project7_3DUNet\pred3d_vis_bin_thr02\W012_Week5.nii\W012_Week5_LFOV_meta.json
W012_Week6_LFOV,binary,0.745981,C:\Users\nhwen\Desktop\PatternAnalysis-2025\Project7_3DUNet\pred3d_vis_bin_thr02\W012_Week6.nii\metrics.csv
W012_Week6_LFOV.nii.gz,binary,0.745981,C:\Users\nhwen\Desktop\PatternAnalysis-2025\Project7_3DUNet\pred3d_vis_bin_thr02\W012_Week6.nii\W012_Week6_LFOV_meta.json
W012_Week7_LFOV,binary,0.532842,C:\Users\nhwen\Desktop\PatternAnalysis-2025\Project7_3DUNet\pred3d_vis_bin_thr02\W012_Week7.nii\metrics.csv
W012_Week7_LFOV.nii.gz,binary,0.532842,C:\Users\nhwen\Desktop\PatternAnalysis-2025\Project7_3DUNet\pred3d_vis_bin_thr02\W012_Week7.nii\W012_Week7_LFOV_meta.json
W029_Week0_LFOV,binary,0.000000,C:\Users\nhwen\Desktop\PatternAnalysis-2025\Project7_3DUNet\pred3d_vis_bin_thr02\W029_Week0.nii\metrics.csv
W029_Week0_LFOV.nii.gz,binary,0.000000,C:\Users\nhwen\Desktop\PatternAnalysis-2025\Project7_3DUNet\pred3d_vis_bin_thr02\W029_Week0.nii\W029_Week0_LFOV_meta.json
W029_Week1_LFOV,binary,0.000000,C:\Users\nhwen\Desktop\PatternAnalysis-2025\Project7_3DUNet\pred3d_vis_bin_thr02\W029_Week1.nii\metrics.csv
W029_Week1_LFOV.nii.gz,binary,0.000000,C:\Users\nhwen\Desktop\PatternAnalysis-2025\Project7_3DUNet\pred3d_vis_bin_thr02\W029_Week1.nii\W029_Week1_LFOV_meta.json
W029_Week2_LFOV,binary,0.147787,C:\Users\nhwen\Desktop\PatternAnalysis-2025\Project7_3DUNet\pred3d_vis_bin_thr02\W029_Week2.nii\metrics.csv
W029_Week2_LFOV.nii.gz,binary,0.147787,C:\Users\nhwen\Desktop\PatternAnalysis-2025\Project7_3DUNet\pred3d_vis_bin_thr02\W029_Week2.nii\W029_Week2_LFOV_meta.json
W029_Week3_LFOV,binary,0.125045,C:\Users\nhwen\Desktop\PatternAnalysis-2025\Project7_3DUNet\pred3d_vis_bin_thr02\W029_Week3.nii\metrics.csv
W029_Week3_LFOV.nii.gz,binary,0.125045,C:\Users\nhwen\Desktop\PatternAnalysis-2025\Project7_3DUNet\pred3d_vis_bin_thr02\W029_Week3.nii\W029_Week3_LFOV_meta.json
W029_Week4_LFOV,binary,0.000000,C:\Users\nhwen\Desktop\PatternAnalysis-2025\Project7_3DUNet\pred3d_vis_bin_thr02\W029_Week4.nii\metrics.csv
W029_Week4_LFOV.nii.gz,binary,0.000000,C:\Users\nhwen\Desktop\PatternAnalysis-2025\Project7_3DUNet\pred3d_vis_bin_thr02\W029_Week4.nii\W029_Week4_LFOV_meta.json
W029_Week5_LFOV,binary,0.191248,C:\Users\nhwen\Desktop\PatternAnalysis-2025\Project7_3DUNet\pred3d_vis_bin_thr02\W029_Week5.nii\metrics.csv
W029_Week5_LFOV.nii.gz,binary,0.191248,C:\Users\nhwen\Desktop\PatternAnalysis-2025\Project7_3DUNet\pred3d_vis_bin_thr02\W029_Week5.nii\W029_Week5_LFOV_meta.json
W029_Week6_LFOV,binary,0.110955,C:\Users\nhwen\Desktop\PatternAnalysis-2025\Project7_3DUNet\pred3d_vis_bin_thr02\W029_Week6.nii\metrics.csv
W029_Week6_LFOV.nii.gz,binary,0.110955,C:\Users\nhwen\Desktop\PatternAnalysis-2025\Project7_3DUNet\pred3d_vis_bin_thr02\W029_Week6.nii\W029_Week6_LFOV_meta.json
W029_Week7_LFOV,binary,0.000000,C:\Users\nhwen\Desktop\PatternAnalysis-2025\Project7_3DUNet\pred3d_vis_bin_thr02\W029_Week7.nii\metrics.csv
W029_Week7_LFOV.nii.gz,binary,0.000000,C:\Users\nhwen\Desktop\PatternAnalysis-2025\Project7_3DUNet\pred3d_vis_bin_thr02\W029_Week7.nii\W029_Week7_LFOV_meta.json
W041_Week0_LFOV,binary,0.706526,C:\Users\nhwen\Desktop\PatternAnalysis-2025\Project7_3DUNet\pred3d_vis_bin_thr02\W041_Week0.nii\metrics.csv
W041_Week0_LFOV.nii.gz,binary,0.706526,C:\Users\nhwen\Desktop\PatternAnalysis-2025\Project7_3DUNet\pred3d_vis_bin_thr02\W041_Week0.nii\W041_Week0_LFOV_meta.json
